"As of 6/25/15, Data Source: http://www.pearsonmylabandmastering.com/northamerica/educators/results/results-library.php, filter by State",,,,,,,,,,,,,
Institution,City,State,Course Title,Product,Math (0 or 1),Science/Tech/Engineering (0 or 1),Business/  Information Technology (0 or 1),Humanities/Social Sciences/  Languages/English   (0 or 1),Other (0 or 1),Year (2014 or 2015),Key result (one sentence),url,Count
University of South Alabama ,Mobile,AL,intermediate Alegbra,MyLabsPlus,1,0,0,0,0,2014,"After implementing a MyLabsPlus-supported hybrid format, student success rates increased by 29 percent.",http://www.pearsonmylabandmastering.com/northamerica/results/files/U_of_S_AL.pdf?v1427479112,1
South Arkansas Community College,El Dorado,AR,"MyLabsPlus: Fundamentals of Arithmetic, Elementary Algebra, Intermediate Algebra",MyLabsPlus,1,0,0,0,0,2014,"Moving to a MyLabsPlus-supported, hybrid model produced dramatic increases in pass rates, including a 129.9 percent boost for Intermediate Algebra.",http://www.pearsonmylabandmastering.com/northamerica/results/files/S_AR_CC.pdf?v1419020299,1
Pulaski Technical College,North Little Rock,AR,College Seminar,MyStudentSuccessLab,0,0,0,0,1,2014,"When students did not show significant improvement on questions tied to specific learning objectives in the post-course assessment, two modules in MyStudentSuccessLab were assigned in full: Goal Setting and Learning Preferences. Post-Test scores on these two modules have increased as a result.",http://www.pearsonmylabandmastering.com/northamerica/results/files/MyStudentSuccessLab_PulaskiTechnicalCollege_CS.pdf?v1392415401,1
Fresno City College,Fresno,CA,Introduction to sociology,Revel,0,0,0,1,0,2015,After the implementation of REVEL students came to class better prepared. Students lacking strong study skills benefited most and scored significantly higher on exams than students in the same course the previous year. The correlation between overall REVEL scores and final course grades was strong.,http://www.pearsonmylabandmastering.com/northamerica/results/files/REVEL_Sociology_COSandFresnoCC_CA_Medrano_CS.pdf?v1434667806,1
California State University,Bakersfield,CA,"Developmental through upper-division English courses, ESL, courses across the curriculum",MyWritingLab,0,0,0,1,0,2015,"Since first implementing MyWritingLab in 2006, pass rates in developmental English courses have improved 6.4 percentage points, and subsequent success rates in Composition courses are 12.6 percentage points higher. From 2007 to 2014, MyWritingLab use saved CSUB $92,000 and 16,991 classroom hours.",http://www.pearsonmylabandmastering.com/northamerica/results/files/MyWritingLab_CaliforniaStateUBakersfield_2015CaseStudy.pdf?v1433440983,1
San Diego Mesa College,San Diego,CA,College Reading and Study Skills I and II,MyReadingLab,0,0,0,1,0,2014,"From spring 2013 to spring 2014, 146 students passed the redesigned, compressed sections of English 042 and 048. These students are accelerating through developmental reading in half the time of students enrolled in the traditional course format.",http://www.pearsonmylabandmastering.com/northamerica/results/files/MyReadingLab_SanDiegoMesaCollege_CS.pdf?v1433340453,1
Napa Valley College,Napa Valley,CA,Introduction to Business,MyBizLab,0,0,1,0,0,2014,"After implementing MyBizLab in a flipped classroom environment, students completed more homework assignments and were better prepared for class. Data indicates a positive correlation between completion of MyBizLab homework and both final exam and final course grades.",http://www.pearsonmylabandmastering.com/northamerica/results/files/Bus_MBizL_Napa.pdf?v1409780140,1
Mira Costa College,Oceanside,CA,English Skills Lab (developmental reading and writing),MySkillsLab,0,0,0,1,0,2014,"With MySkillsLab, placement rates into credit-bearing courses have increased from 32 percent to 42 percent in English 100 (college-level writing) and from 46 percent to 60 percent in Reading 100 (college-level reading).",http://www.pearsonmylabandmastering.com/northamerica/results/files/MySkillsLab_MiraCostaCollege_CS.pdf?v1416428423,1
College of the Sequoias ,Visalia,CA,MyMathLab: PreAlgebra,MyMathLab,1,0,0,0,0,2014,"￼By combining a highly motivating student contract with MyMathLab’s immediate feedback and interactive features, Woodbury increased his students’ time on task. As a result, he increased the retention rate in his Prealgebra course by 8 percent and the ABC rate by 74 percent.",http://www.pearsonmylabandmastering.com/northamerica/results/files/MyMathLab_CollegeOfTheSequoias_MTGv5_Case_Study.pdf?v1405710319,1
East Los Angeles College,Monterey Park,CA,"MyMathLab: Beginning Algebra, Intermediate Algebra",MyMathLab,1,0,0,0,0,2014,Approximately 49 percent of students in a Math Advancement Program using MyMathLab completed both Beginning Algebra and Intermediate Algebra in one semester.,http://www.pearsonmylabandmastering.com/northamerica/results/files/E_LA_College.pdf?v1405711845,1
Bakersfield College,Bakersfield,CA,"MyEconLab: Principles of Microeconomics, Principles of Macroeconomics",MyEconLab,0,0,1,0,0,2014,MyEconLab saves time for the instructor and facilitates increased student time on task via required homework. Students recognize the value of MyEconLab and are more prepared to confidently participate in class and take exams.,http://www.pearsonmylabandmastering.com/northamerica/results/files/MyEconLab_Bakersfield_College_Morse_CS.pdf?v1392683974,1
Front Range Community College,Westminster,CO,Mymathlab: Developmental Math sequence,MyMathLab,1,0,0,0,0,2015,Data from a developmental math redesign pilot indicates that the average rate of student progress in redesigned classes was nearly 40 percent higher than that in traditional classes.,http://www.pearsonmylabandmastering.com/northamerica/results/files/Front_Range_Dec_30_MML.pdf?v1421089555,1
University of Colorado Boulder,Boulder,CO,Myengineering: Dynamics,MasteringEngineering,0,1,0,0,0,2014,Students who used MasteringEngineering for homework attempted more homework assignments and were more likely to earn an A in the course than students who did paper-and-pencil homework assignments.,http://www.pearsonmylabandmastering.com/northamerica/results/files/ME_U_of_Colorado_Final_CS.pdf?v1419801893,1
Colorado Mesa University,Grand Junction,CO,MyCJLab: Introduction to Criminal Justice,MyCJLab,0,0,0,1,0,2014,"MyCJLab interactive resources keep students engaged in course content, thereby improving learning and overall course success. Data show a positive correlation of r = .81 between MyCJLab homework scores and both exam scores and final course grades.",http://www.pearsonmylabandmastering.com/northamerica/results/files/Career_MyCJLab_CO_Mesa.pdf?v1412886105,1
Middlesex Community College,Middletown,CT,Intensive College Transition Pilot – Adult Education Partnership,ACCUPLACER//MyFoundationsLab,0,0,0,0,1,2014,"On average, 65 percent of enrolled students completed the program using ACCUPLACER//MyFoundationsLab. Of those completers, 54 percent improved and 30 percent retested college-ready on the ACCUPLACER assessment test.",http://www.pearsonmylabandmastering.com/northamerica/results/files/ACCUMFL_MiddlesexCCMeridenBoardofEducation_CS.pdf?v1420221750,1
Florida State University,Tallahassee ,FL,Revel: Art History II,REVEL,0,0,0,1,0,2015,Using REVEL’s performance dashboard I could see how frequently students accessed their course material and completed their assigned readings. Students who completed their REVEL assignments and earned an overall REVEL score of 70 percent or more scored significantly higher than their peers on the exams.,http://www.pearsonmylabandmastering.com/northamerica/results/files/REVEL_Art_FSU_FL_Hostetler_CS.pdf?v1432941293,1
University of South Florida,Tampa,FL,Mylabsplus: College Algebra,MyLabsPlus,1,0,0,0,0,2015,"In a survey of 94 students, the Help Me Solve This learning aid in MyLabsPlus was perceived by the students to develop their mathematical understanding and provide an alternative perspective on how to solve mathematical tasks.",http://www.pearsonmylabandmastering.com/northamerica/results/files/U_of_South_FL_Dec_18.pdf?v1421173237,1
University of South Florida,St Petersburg ,FL,mycjlab: Survey of Criminal Justice Systems,MyCJLab,0,0,0,1,0,2014,Students who completed all or most of the MyCJLab homework assignments earned 14 percentage points higher average exam grades and 16 percentages points higher overall course grades than students who skip more than five assignments during the semester.,http://www.pearsonmylabandmastering.com/northamerica/results/files/Career_MCJL_South_FL.pdf?v1412886210,1
University of Central Florida,Orlando,FL,Myprogramminglab: Introduction to Object-Oriented Programming,MyProgrammingLab,0,1,0,0,0,2014,"After implementation of MyProgrammingLab, the percentage of students earning final course grades of A or B increased by 22 percentage points—from 30 to 52 percent. The percentage of students earning a D or F decreased by 21 percentage points—from 30 to 9 percent.",http://www.pearsonmylabandmastering.com/northamerica/results/files/Career_MPL_UCF.pdf?v1412885984,1
St. Petersburg College,St. Petersburg,FL,Upper-level developmental reading; upper-level developmental writing,MyWritingLab/MyReadingLab,0,0,0,1,0,2014,"Success rates in the redesigned courses average 12 percentage points higher than the traditional course over the past three years and have increased each year. In 2013–14, the redesigned writing course had a 78 percent success rate; the redesigned reading course boasted an 84 percent success rate.",http://www.pearsonmylabandmastering.com/northamerica/results/files/MyWritingLab_MyReadingLab_StPetersburgCollege_CS_2014.pdf?v1427293654,1
University of Central Florida,Orlando,FL,Introduction to Hospitality Management,MyHospitalityLab,0,0,0,1,0,2014,"After implementation of MyHospitalityLab, midterm and final exam scores and final course grades improved. Data also indicated a significant, positive correlation between MyHospitalityLab homework scores and exam scores.",http://www.pearsonmylabandmastering.com/northamerica/results/files/Career_MHL_UCF%282%29.pdf?v1409779783,1
Florida International University,Miami,FL,Criminal Justice and Public Policy,MyWritingLab,0,0,0,1,0,2014,"Requiring advanced work in MyWritingLab has helped students in a senior-level capstone course do well on their final essay, with 91 percent of students receiving a passing grade on this final requirement.",http://www.pearsonmylabandmastering.com/northamerica/results/files/MyWritingLab_FloridaInternationalU_Chang_CS.pdf?v1418414081,1
St. Johns River State College,Orange Park,FL,Humanities I and II,MyArtsLab with Writing Space,0,0,0,1,0,2014,"Writing Space allows me to integrate college-level writing and critical thinking into my course, as required by Florida’s “Gordon Rule,” while providing timely and consistent feedback to students.",http://www.pearsonmylabandmastering.com/northamerica/results/files/MyArtsLab_St_Johns_River_Landis_CS.pdf?v1413298595,1
University of South Florida,Tampa,FL,College Algebra,MyLabsPlus,1,0,0,0,0,2014,"After redesigning College Algebra using MyLabsPlus in an emporium model, success (ABC) rates increased nearly 12 percent and final exam pass rates increased 21 percent.",http://www.pearsonmylabandmastering.com/northamerica/results/files/MathV6_U_of_South_FL.pdf?v1421957057,1
Florida State University at Jacksonville,Jacksonville,FL,"P.E.R.T. (Postsecondary Education Readiness Test) Diagnostic, Remediation, and Retest Pilot",MyFoundationsLab,0,0,0,0,1,2014,"More than 50% of students retest as college-ready on the PERT after a low-cost, self-directed remediation course using MyFoundationsLab.",http://www.pearsonmylabandmastering.com/northamerica/results/files/MyFoundationsLab_FloridaStateCollegeJacksonville_Turner_CS.pdf?v1433339937,1
Miami Dade College,Miami,FL,Reading and Writing Basic Skills Test Prep Boot Camp,MyFoundationsLab,0,0,0,1,0,2014,"After taking a one-week reading or writing Boot Camp with MyFoundationsLab, 50 percent of students moved up one developmental course level and 25 percent placed out of developmental courses altogether.",http://www.pearsonmylabandmastering.com/northamerica/results/files/MyFoundationsLab_MiamiDadeCollege_Pena_CS.pdf?v1433440074,1
University of Georgia,Athens,GA,Principles of Microeconomics,MyEconLab,0,0,1,0,0,2015,"Students who make multiple attempts at MyEconLab homework frequently earned higher homework scores, and therefore higher average exam and final course grades. In addition, students who use MyEconLab Practice Exams for exam preparation earned exam scores an average of five percentage points higher than students who did not prepare with Practice Exams.",http://www.pearsonmylabandmastering.com/northamerica/results/files/MEL_UGA_Final.pdf?v1434489591,1
Georgia Southern University,Statesboro,GA,Introduction to Physics,MasteringPhysics,0,1,0,0,0,2014,"Over a four-year period of study, students who attempted all of the MasteringPhysics homework assignments earned significantly higher final exam averages than students who skipped assignments.",http://www.pearsonmylabandmastering.com/northamerica/results/files/MP_GA_Southern_Final_CS.pdf?v1418161364,1
Middle Georgia State College,Cochran,GA,Principles of Accounting I and II,MyAccountingLab,0,0,1,0,0,2014,"After implementation of MyAccountingLab, average exam grades increased from 71 to 85 percent. In addition, the percentage of students who earned an A in the course increased from 14 to 50 percent.",http://www.pearsonmylabandmastering.com/northamerica/results/files/Bus_MAL_Middle_GA.pdf?v1412018259,1
Georgia Regents University,Augusta,GA ,"Microeconomics, Macroeconomics",MyEconLab,0,0,1,0,0,2014,"Data indicates a statistically significant correlation between MyEconLab homework scores and quiz/exam scores. In addition, students who earn higher scores in MyEconLab’s Study Plan perform better on assessments and earn higher final course grades.",http://www.pearsonmylabandmastering.com/northamerica/results/files/Bus_MEL_GA_Regent.pdf?v1409780290,1
University of Georgia,Athens,GA,Elementary Spanish (4 credit hours),MySpanishLab,0,0,0,1,0,2014,"A redesigned course using a hybrid format allows the University of Georgia to serve more students while seeing improved classroom interaction, increased student engagement, and more active communication.",http://www.pearsonmylabandmastering.com/northamerica/results/files/MySpanishLab_UGeorgia_CS.pdf?v1416942431,1
Honolulu Community College,Honolulu,HI,Compass Boot Camp,MyFoundationsLab,0,0,0,0,1,2015,"After Boot Camp with MyFoundationsLab, 35.6 percent of students tested out of the lowest level of developmental math; 75 percent of students tested out of developmental writing; and 82.8 percent of students tested out of developmental reading. In subsequent courses, Boot Camp students who were promoted achieved an average 63 percent success rate.",http://www.pearsonmylabandmastering.com/northamerica/results/files/MFL_HCC_April_24.pdf?v1433440216,1
University of Hawaii at Manoa,Manoa,HI,Introduction to Biology II,MasteringBiology,0,1,0,0,0,2014,Students who consistently attempt MasteringBiology homework tend to have significantly higher exam scores than students who skip the homework.,http://www.pearsonmylabandmastering.com/northamerica/results/files/MB_U_of_Hawaii_Final_CS.pdf?v1419857782,1
University of Hawaii at Manoa,Manoa,HI,Principles of Microeconomics,MyEconLab,0,0,1,0,0,2014,"Students who worked additional practice problems in MyEconLab earned higher homework, quiz, and exam scores than students who attempted only required problems.",http://www.pearsonmylabandmastering.com/northamerica/results/files/Bus_MEL_U_of_HI%282%29.pdf?v1413555464,1
Kapi'olani Community College,Honolulu,HI,Math Compass Brush Up Sessions,MyMathTest,1,0,0,0,0,2014,"By creating a supportive environment using MyMathTest and peer tutors in short, math refresher courses, KCC students overcome math anxiety and are better prepared for math placement tests. By scoring higher, students save significant amounts of tuition dollars.",http://www.pearsonmylabandmastering.com/northamerica/results/files/MyMathTest_Kapiolani_CC_MTG5_Case_Study.pdf?v1405710960,1
University of Hawaii at Manoa,Manoa,HI,Child Development,MyPsychLab,0,0,0,1,0,2014,"With MyPsychLab students come to class more prepared to participate and engage in class discussions. Additionally, 9 percent more students earned a final grade of A or B with MyPsychLab.",http://www.pearsonmylabandmastering.com/northamerica/results/files/MyPsychLab_UHawaii_Maynard_CS.pdf?v1394723903,1
Oakton Community College,Des Plaines,IL,Introduction to Global Studies,MyManagementLab,0,0,0,1,0,2015,"Students who earned higher MyManagementLab homework scores also earned higher average exam scores. In addition, data indicate very strong positive corrrelations between average MyManagementLab homework scores and average exam scores, as well as between average MyManagementLab video quiz scores and average MyManagementLab Simulation scores.",http://www.pearsonmylabandmastering.com/northamerica/results/files/MML_Oakton_Final.pdf?v1434490273,1
Wilbur Wright College,Chicago ,IL,General Psychology,MyPsychLab with Writing Space,0,0,0,1,0,2014,Students who completed all Writing Space assignments earned significantly higher exam scores than students who skipped one or more Writing Space assignments.,http://www.pearsonmylabandmastering.com/northamerica/results/files/MyPsychLab_Writing_Space_W_Wright_College_Simantirakis_CS.pdf?v1426771916,1
Oakton Community College,Des Plaines,IL,Nursing Concepts Related to Community and Home Health,The Neighborhood,0,1,0,0,0,2014,"After adding The Neighborhood to her course, the percentage of students earning As increased from 48.5 to 62 percent. In addition, average quiz scores dramatically increased, and the percentage of students earning As on their quizzes more than doubled.",http://www.pearsonmylabandmastering.com/northamerica/results/files/Career_Neigh_Oakton.pdf?v1413555985,1
Southern Illinois University Carbondale,Carbondale,IL,College Algebra,MyMathLab,1,0,0,0,0,2014,"MyMathLab enables students to work at their own pace, thereby reinforcing personal accountability and increasing self-confidence. The support of SIUC’s tutoring lab ensures students acheive the learning mastery that will prepare them for subsequnt success.",http://www.pearsonmylabandmastering.com/northamerica/results/files/MathXL_Southern_Illinois_Univ_Carbondale.pdf?v1405711052,1
Vincennes University,Vincennes,IN,Principles of Biology I and II,MasteringBiology,0,1,0,0,0,2014,"After implementing MasteringBiology as part of a four-year course redesign to a flipped classroom, students earned more As and Bs and earned higher average final exam scores.",http://www.pearsonmylabandmastering.com/northamerica/results/files/MB_Vincennes_final_CS.pdf?v1419804195,1
Butler University,Indianapolis,IN,General Chemistry II,MasteringChemistry,0,1,0,0,0,2014,Average American Chemical Society exam percentiles increased when MasteringChemistry was used to help students develop study skills and gain content mastery.,http://www.pearsonmylabandmastering.com/northamerica/results/files/MC_Butler_Final_CS.pdf?v1426171068,1
Indiana Wesleyan University,Marion,IN,Introduction to Baccalaureate Nursing,MyWritingLab,0,1,0,0,0,2014,"Ninety-eight percent of students taking Introduction to Baccalaureate Nursing successfully completed their work in MyWritingLab, leading to improved writing skills—a critical element of their Bachelor of Science degree in Nursing.",http://www.pearsonmylabandmastering.com/northamerica/results/files/MyWritingLab_IndianaWesleyanUniversity_CS.pdf?v1419265347,1
Purdue University,West Lafayette,IN,Microeconomics,MyEconLab,0,0,1,0,0,2014,Students who complete all or most of the MyEconLab homework assignments earn average exam scores and overall final course grades 10 to 15 percent higher than students who skip MyEconLab homework assignments.,http://www.pearsonmylabandmastering.com/northamerica/results/files/Bus_MEL_Purdue.pdf?v1411327896,1
Indiana State University,Terre Haute,IN,Abnormal Psychology,MyPsychLab,0,0,0,1,0,2014,With MyPsychLab student performance is at an all-time high with more students scoring A’s and B’s on exams.,http://www.pearsonmylabandmastering.com/northamerica/results/files/MyPsychLab_IndianaStateUniversity_Schriver_CS.pdf?v1392320042,1
Kirkwood Community College,Cedar Rapids,IA,Basic Writing,MyWritingLab,0,0,0,1,0,2014,"After taking Basic Writing, a developmental writing course in which MyWritingLab accounts for 50 percent of the final grade, Compass exam retest scores average 24 points higher than initial placement scores.",http://www.pearsonmylabandmastering.com/northamerica/results/files/MyWritingLab_KirkwoodCC_CS.pdf?v1415215142,1
Des Moines Area Community College,Ankeny,IA,Introduction to Sociology,MySocLab with Writing Space,0,0,0,1,0,2014,Students who completed all Writing Space essay assignments scored 13 points higher on exams than students who skipped one or more Writing Space essay assignments.,http://www.pearsonmylabandmastering.com/northamerica/results/files/MySocLab_Writing_Space_DMACC_Linhart_CS_Update.pdf?v1432931197,1
Marshalltown Community College,Marshalltown,IA,College prep math 1 and 2,MyMathLab,1,0,0,0,0,2014,"A self-paced, modular redesign of the developmental math sequence allows students to learn at their own pace. Both success rates (A/B/C) and pass rates (A/B/C/D) have significantly increased. In addition, approximately 20 percent of students completed all modules in one term, thereby saving valuable tuition dollars.",http://www.pearsonmylabandmastering.com/northamerica/results/files/Marshalltown_CC.pdf?v1427478070,1
Grandview University,Des Moines,IA,United States History Survey,MyHistoryLab,0,0,0,1,0,2014,"After redesigning the U.S. History survey course with MyHistoryLab, D/F/W* rates decreased by nearly a half. In addition, students became more engaged in the material—both online and in class.",http://www.pearsonmylabandmastering.com/northamerica/results/files/MyHistoryLab_Grand_View_University_Gannon_CS.pdf?v1395755803,1
West Kentucky Community and Technical College,Paducah,KY,Personal Finance,MyFinanceLab,0,0,1,0,0,2015,"Students who complete all or most MyFinanceLab homework assignments earn average exam scores and final course grades that are 40–50 percent higher than those of students who skip homework assignments. In addition, data show a very strong positive correlation between MyFinanceLab homework assignments and average exam scores, where r = .75.",http://www.pearsonmylabandmastering.com/northamerica/results/files/MFL_West_KY_Final.pdf?v1434490017,1
West Kentucky Community and Technical College,Paducah,KY,Anatomy and Physiology I,MyReadinessTest and MasteringA&P,0,1,0,0,0,2015,Combined use of MyReadinessTest and MasteringA&P with Knewton Adaptive Follow-Up enabled the instructor to more easily identify at-risk students and provided students with remediation tools that helped them succeed in the online course.,http://www.pearsonmylabandmastering.com/northamerica/results/files/MAP_KCTC_Final_Case_Study.pdf?v1427463041,1
University of Louisville,Louisville,KY,Operations Management,MyOMLab,0,0,1,0,0,2014,Required MyOMLab homework assignments promotes mastery of course material and increased course success. Data indicate significantly higher quiz and final course grades for those students who earned higher MyOMLab homework scores.,http://www.pearsonmylabandmastering.com/northamerica/results/files/Bus_MOML_Louisville.pdf?v1413555829,1
Jefferson Community and Technical College,Louisville,KY,Introduction to Computer Applications,MyITLab,0,1,0,0,0,2014,"Data indicate a positive, significant correlation between MyITLab homework scores and overall final course grades, whereby students acheiving As and Bs in the course earned significantly higher MyITLab scores than students earning Cs, Ds, and Es.",http://www.pearsonmylabandmastering.com/northamerica/results/files/Bus_MITL_Jefferson.pdf?v1409780888,1
University of Louisville,Louisville,KY,Engineering Analysis 1 (Calculus 1),MyMathLab,1,0,0,0,0,2014,"Frequent low-stakes assessments in MyMathLab in an ongoing calculus redesign is resulting in consistent course delivery across sections and semesters, plus increased opportunities for multimodal learning and mastery of course material.",http://www.pearsonmylabandmastering.com/northamerica/results/files/U_of_Louisville.pdf?v1405711446,1
Somerset Community College,Somerset,KY,Course Name Improved College Reading; Reading for the College Classroom,MyReadingLab,0,0,0,0,1,2014,"With MyReadingLab and a redesigned developmental reading program, 68 percent of students passed the course and 57 percent accelerated through one or more course levels or tested out of the developmental sequence completely.",http://www.pearsonmylabandmastering.com/northamerica/results/files/MyReadingLab_SomersetCC_Ware_CS.pdf?v1416428680,1
Owensboro Community and Technical College,Owensboro,KY,Compass Boot Camp; College Connections Summer Bridge Program,MyFoundationsLab,0,0,0,0,1,2014,"On average, 92 percent of students retesting on the Compass advanced one or more developmental course levels; 80 percent retested college-ready.",http://www.pearsonmylabandmastering.com/northamerica/results/files/MyFoundationsLab_OwensboroCTC_Butler_CS.pdf?v1433342574,1
Delgado Community College,New Orleans,LA,Course Name Business Computer Applications,MyITLab,0,0,1,0,0,2014,"MyITLab’s real-world simulations enabled students to practice more frequently. As a result, more students successfully completed the course and the number of students achieving a course grade of A or B increased by 18 percentage points.",http://www.pearsonmylabandmastering.com/northamerica/results/files/Bus_MITL_Delgado.pdf?v1409780785,1
Wor-Wic Community College,Salisbury,MD,"Prealgebra, Elementary Algebra, Intermediate Algebra",MyLabsPlus,1,0,0,0,0,2015,"Developmental courses redesigned in a MyLabsPlus-supported emporium model resulted in an 18.4 percent increase in pass rates, plus increases in learning gains.",http://www.pearsonmylabandmastering.com/northamerica/results/files/Wor-Wic_MML_Plus_Final%282%29.pdf?v1423759066,1
Carroll Community College,Westminster,MD,Introduction to Computer Information Systems,MyITLab,0,1,0,0,0,2014,Adding Pre-Tests and Trainings to the implementation resulted in an increase in mean overall application scores. Students who took advantage of unlimited attempts at Trainings to score at least 90 percent achieved greater Pre-Test-to-Post-Test gains than students who did not.,http://www.pearsonmylabandmastering.com/northamerica/results/files/Bus_MITL_Carroll.pdf?v1409780625,1
Morgan State University,Baltimore,MD,Introduction to Computer Information Systems,MasteringEngineering,0,1,0,0,0,2014,"After implementing MasteringEngineering, students had more opportunities to practice problem solving with immediate feedback and grading. As a result, more students earned As and fewer students received Fs.",http://www.pearsonmylabandmastering.com/northamerica/results/files/ME_Morgan_State_Final_CS.pdf?v1412607503,1
Wayne State University,Detroit,MI,Beginning Algebra,MyLabsPlus,1,0,0,0,0,2015,"After requiring that poorly performing students complete personalized homework assignments between quiz attempts, students studied more effectively and average pass rates increased nearly 20 percent.",http://www.pearsonmylabandmastering.com/northamerica/results/files/Wayne_State_Personalized_Homework.pdf?v1429796888,1
Schoolcraft College,Livonia,MI,Intermediate Algebra,MyMathLab,1,0,0,0,0,2015,"After implementing Personalized Homework in MyMathLab, final exam scores improved an average of 7.6 percentage points over the institutional average in face-to-face Intermediate Algebra courses.",http://www.pearsonmylabandmastering.com/northamerica/results/files/Schoolcraft_MML_Jan_13.pdf?v1421350315,1
Monroe County Community College,Monroe,MI,Principles of Macroeconomics,MyEconLab,0,0,1,0,0,2014,"In lecture and online sections, data show a highly significant correlation between MyEconLab homework and both quizzes and exams. In addition, students who complete all homework assignments earn higher average quiz, exam, and final course letter grades.",http://www.pearsonmylabandmastering.com/northamerica/results/files/Bus_MEL_Monroe.pdf?v1412884896,1
Hennepin Technical College,Brooklyn Park and Eden Prairie,MN,"Reading Techniques, Applied Reading Techniques",MyReadingLab,0,0,0,1,0,2014,Students’ Reading Level Lexile scores improved between 96 and 121 points from the beginning to end of the semester for students in 8-week classes using MyReadingLab in spring 2014.,http://www.pearsonmylabandmastering.com/northamerica/results/files/MyReadingLab_HennepinTechnicalCollege_CS.pdf?v1433341276,1
University of Minnesota,Minneapolis,MN,Introduction to Psychology,MyPyschLab,0,0,0,1,0,2014,MyPsychLab’s Writing Space enables the University of Minnesota to assign and grade students’ writing more efficiently and consistently across sections. Students improve their writing and critical thinking skills because they are given more opportunities to practice writing while receiving immediate feedback.,http://www.pearsonmylabandmastering.com/northamerica/results/files/MyPsychLab_UMN_Briggs_CS.pdf?v1413298474,1
Univeristy of Southern Mississippi,Hattiesburg,MS,Principles of Finance,MyFinanceLab,0,0,1,0,0,2014,"After adding quiz and exam deadlines, the percentage of students earning an A or B in the course increased from 19 to 47 percent. Also, students who used MyFinanceLab and then took the ETS Major Field Test scored higher in the Finance area than both previous students and the national average.",http://www.pearsonmylabandmastering.com/northamerica/results/files/Bus_MFL_South_MS.pdf?v1410378143,1
Mississippi State University,Starksville,MS,College Algebra,MyMathLab,1,0,0,0,0,2014,"Redesigning College Algebra using MyMathLab in a hybrid format resulted in significantly improved outcomes in both College Algebra and its subsequent courses: higher success (ABC) rates, higher pass rates, and lower withdrawal rates.",http://www.pearsonmylabandmastering.com/northamerica/results/files/Mississippi_State_U_Case_Study.pdf?v1395347190,1
Missouri State University,Springfield,MO,Computers for Learning,MyITLab,0,1,0,0,0,2014,Students who complete all or most of their MyITLab assignments earn higher average exam scores and higher final course grades than students who skip five or more assignments over the semester.,http://www.pearsonmylabandmastering.com/northamerica/results/files/Bus_MITL_MissouriState.pdf?v1412885538,1
Ozarks Technical Community College,Springfield,MO,Course Name Introduction to College Reading,MyReadingLab,0,0,0,1,0,2014,"Better scores by students on MyReadingLab assessments consistently correlate with higher point increases when retaking the Compass exam, and more students are now passing the Compass and taking credit-bearing courses earlier.",http://www.pearsonmylabandmastering.com/northamerica/results/files/MyReadingLab_OzarksTechnicalCC_Collins_CS.pdf?v1416428275,1
Missouri State University,Springfield,MO,Introduction to Psychology,MyPsychLab,0,0,0,1,0,2014,"With MyPsychLab, student learning gains increased over the past three years from 32 percent to an average of 76 percent, as measured by a comparison of pre- and post-test scores. In addition, the university’s per-student costs were reduced by 10 percent.",http://www.pearsonmylabandmastering.com/northamerica/results/files/MyPsychLab_MissouriStateU_Hudson_Whisenhunt_CS_Update.pdf?v1413487686,1
Montana State University Billings,Billings,MT,"Introductory Algebra, Intermediate Algebra Sequence",MathXL,1,0,0,0,0,2014,"The modular, five-day-a-week MSU Billings redesign requires both MathXL homework and content mastery before moving ahead. Results include increased student success and the ability to succeed faster, thereby increasing student confidence and saving students money.",http://www.pearsonmylabandmastering.com/northamerica/results/files/MathXL_Montana_State_Univ_Billings.pdf?v1405711098,1
Southeast Community College,Lincoln,NE,Quick Start,MyFoundationsLab,0,0,0,0,1,2015,"Fifty-two percent of students who completed the Quick Start course with MyFoundationsLab earned college credit versus 32 percent of students in a control group without it. Ninety-one percent of all Quick Start students who retested on the COMPASS test improved their placement scores, testing out of an average 1.8 classes each and saving a total of $144,117 in tuition from May 2012 through June 2014.",http://www.pearsonmylabandmastering.com/northamerica/results/files/MFL_SCC_Jan_2.pdf?v1433341002,1
Metropolitan Community College,Omaha,NE,Myspanishlab Elementary Spanish I,MySpanishLab,0,0,0,1,0,2014,Final exam area scores in the hybrid course format average three percentage points higher than in the online course format and eight percentage points higher than in the face-to-face course format.,http://www.pearsonmylabandmastering.com/northamerica/results/files/MySpanishLab_MetropolitanCC_CS.pdf?v1416942301,1
Camden County College,Blackwood,NJ,Introduction to Statistics,MyStatLab,1,0,0,0,0,2015,Analysis of an Introduction to Statistics course using MyStatLab shows that completing more than 75 percent of the homework is a statistically significant predictor of an increase in average test score of almost 20 points above the mean for those completing less than half of the homework.,http://www.pearsonmylabandmastering.com/northamerica/results/files/Camden_CC_Stats_Jan_27_RL.pdf?v1422468713,1
Raritan Valley Community College,Branchburg,NJ,Principles of Finance,MyFinanceLab,0,0,1,0,0,2014,"Data show a significant correlation between MyFinanceLab homework scores and quiz scores, exam scores, and course letter grades. Also, students who skip fewer than two Study Plan assignmentsearn exam scores an average of 70 percent higher than students who skip more than two assignments.",http://www.pearsonmylabandmastering.com/northamerica/results/files/Bus_MFL_Raritan.pdf?v1411327746,1
County College of Morris,Randolph,NJ,Serv-Safe/Food Safety Handling,MyServSafeLab,0,0,0,0,1,2014,MyServSaveLab homework scores positively correlated to students’ final course grades and achievement of National ServSafe Certification.,http://www.pearsonmylabandmastering.com/northamerica/results/files/Career_MSSL_Co_College_Morris%282%29.pdf?v1409779560,1
Hilbert College,Hamburt,NY,College Writing (Composition) with co-requisite lab,MyWritingLab,0,0,0,1,0,2015,"Students who passed the co-requisite Composition course had an average MyWritingLab score 41 percentage points higher than students who did not pass the course. There is a positive correlation between a student’s MyWritingLab score and the average score they receive on writing assignments, suggesting that students who do well on MyWritingLab also do well on their essays.",http://www.pearsonmylabandmastering.com/northamerica/results/files/MyWritingLab_HilbertCollege_CaseStudy.pdf?v1433173606,1
City College of the City University of New York,NY,NY,General Chemistry II,MasteringChemistry,0,1,0,0,0,2015,"A study showed that more students received As, Bs, or Cs when the Peer-Led Team Learning model was combined with implementation of MasteringChemistry.",http://www.pearsonmylabandmastering.com/northamerica/results/files/MC_CUNY_Final_revised.pdf?v1435095430,1
Hudson Valley Community College,Troy,NY,General Chemistry I,MasteringChemistry,0,1,0,0,0,2014,"The introduction of new concepts prior to lecture increased student engagement and participation, and the addition of prelecture and Knewton Adaptive Follow-Up assignments resulted in higher exam averages.",http://www.pearsonmylabandmastering.com/northamerica/results/files/MC_Hudson_Valley_Final_CS.pdf?v1426327099,1
Stony Brook University,Stony Brook,NY,Elementary Spanish 1 and 2,MySpanishLab,0,0,0,1,0,2014,"Tracking data from seven components in our final exams allows us to make data-driven decisions about what skills need to be given more emphasis as we hone our course model. When surveyed, 90 percent of our instructors would choose to continue teaching with the flipped model.",http://www.pearsonmylabandmastering.com/northamerica/results/files/MySpanishLab_Unidos_StonyBrook_CS.pdf?v1415652379,1
Rochester Institute of Technology,Rochester,NY,General Biology II,MasteringBiology,0,1,0,0,0,2014,"Course redesign, with increased implementation of MasteringBiology and more active learning, resulted in a trend toward both higher exam scores and a tightening of exam scores.",http://www.pearsonmylabandmastering.com/northamerica/results/files/MB_RIT_Final_CS_2014.pdf?v1426857853,1
SUNY Broome Community College,Binghamton,NY,Sanitation and Safety,MyServSafeLab,0,0,0,0,1,2014,MyServSafeLab helps students master course concepts and obtain critical course certification. Data from fall 2012 and spring 2013 indicate a correlation between MyServSafeLab assessment scores and certification exam scores.,http://www.pearsonmylabandmastering.com/northamerica/results/files/Career_MSSL_SUNY.pdf?v1411332116,1
Robeson  Community College,Lumberton,NC,General Chemistry 1,MyReadinessTest,0,1,0,0,0,2014,Student scores on the MyReadinessTest diagnostic exam were predictive of student success in the course.,http://www.pearsonmylabandmastering.com/northamerica/results/files/MRT_Roberson_Final_CS.pdf?v1419802050,1
Forsyth Technical Community College,Winsten Salem,NC,Health Illness Concepts,Concept-based Curriculum,0,0,0,0,1,2014,The school’s average National Council Licensure Examination (NCLEX) scores increased 10 percentage points after implemention of a concept-based curriculum—from 86% to 96%.State NCLEX scores also increased and averaged one percentage point higher than national scores.,http://www.pearsonmylabandmastering.com/northamerica/results/files/Career_Concept_Forsyth.pdf?v1413984126,1
"Campbell University, Lundy-Fetterman School of Business",Buies Creek,NC,"Principles of Macroeconomics, Intermediate Macroeconomics, International Trade",MyEconLab,0,0,1,0,0,2014,"Across three levels of Economics course offerings, there is a positive and linear correlation between results from required MyEconLab Study Plans with adaptive learning (powered by the Knewton adaptive learning engine) and MyEconLab quiz scores.",http://www.pearsonmylabandmastering.com/northamerica/results/files/Bus_MEL_Campbell.pdf?v1412885724,1
Guilford Technical Community College,Jamestown,NC,Introduction to Programming and Logic,MyProgrammingLab,0,1,0,0,0,2014,"Students who earned As and Bs on MyProgrammingLab assignments earned higher final course grades (A/B) than students who did not. Data also show a significant, positive correlation between MyProgrammingLab homework scores and quiz performance.",http://www.pearsonmylabandmastering.com/northamerica/results/files/Career_MPL_Guilford.pdf?v1414087326,1
Cape Fear Community College,Wilmington,NC,Principles of Financial Accounting,MyAccountingLab,0,0,1,0,0,2014,"Data shows a positive and linear correlation of MyAccountingLab homework assignments to average exam grades, where r=.924. Students earned both higher average exam grades and higher final course grades when they completed all MyAccountingLab assignments.",http://www.pearsonmylabandmastering.com/northamerica/results/files/Bus_MAL_Cape_Fear.pdf?v1412018111,1
Elon University,Elon,NC,Advanced Applications of Excel for Business,MyITLab,0,0,1,0,0,2014,"Use of MyITLab led to sustainable mastery of course content. Data show a significant correlation between MyITLab homework scores and average exam scores, plus a 100 percent pass rate for students taking the MOS Certification Exam for Excel 2010.",http://www.pearsonmylabandmastering.com/northamerica/results/files/Bus_MITL_Elon.pdf?v1410378018,1
Pitt Community College,Winterville,NC,Steering and Suspension,MyAutomotiveLab,0,0,0,0,1,2014,"Final course data indicate a positive, significant correlation between average MyAutomotiveLab scores (exams and homework) and final course grades. Students who earned final course grades of A, B, or C scored an average of 35 percentage points higher than students who earned Ds or Fs.",http://www.pearsonmylabandmastering.com/northamerica/results/files/Career_MAutoL_Pitt.pdf?v1409779676,1
Guilford Technical Community College,Jamestown,NC,Elementary Spanish 1,MySpanishLab,0,0,0,1,0,2014,"Students who score 80–100 percent on MySpanishLab homework achieve 11 to 22 percentage points higher on quizzes, midterm, and final exams, compared to students who score less that 80 percent on MySpanishLab homework",http://www.pearsonmylabandmastering.com/northamerica/results/files/MySpanishLab_GuilfordTechCC_Barnes_CS.pdf?v1417468634,1
Guilford Technical Community College,Jamestown,NC,Developmental Math Sequence,MyLabsPlus,1,0,0,0,0,2014,"After redesigning its developmental math sequence with MyLabsPlus in an emporium model, Guilford Technical Community College significantly increased the average success rate of each developmental math course and achieved an 85 percent average subsequent course success rate.",http://www.pearsonmylabandmastering.com/northamerica/results/files/Guilford_Tech_MathV6.pdf?v1421277090,1
East Carolina University,Greenville,NC,College Algebra,MyMathLab,1,0,0,0,0,2014,"After redesigning College Algebra using MyMathLab in the National Center for Academic Transformation’s Emporium model, combined fall and spring success rates increased an average of 11.8 percentage points—from 60 percent to 71.8 percent.",http://www.pearsonmylabandmastering.com/northamerica/results/files/East_Carolina.pdf?v1419020088,1
Clevelend Community College,Shelby,NC,"Reading & Writing Foundations, Reading & Composition Strategies",MySkillsLab,0,0,0,1,0,2014,"MySkillsLab enabled us to redesign our developmental reading and writing course sequence, thereby providing students with a more rapid path to for-credit courses. Now, the subsequent success rate of developmental students who progressed to Expository Writing is 80.6 percent.",http://www.pearsonmylabandmastering.com/northamerica/results/files/MySkillsLab_ClevelandCC_Anthony_CS.pdf?v1392650983,1
"Johnston Community College,",Smithfield,NC,Music Appreciation,MyMusicLab,0,0,0,0,1,2014,Data shows that students who successfully complete the assigned MyMusicLab assessments do better in the course.,http://www.pearsonmylabandmastering.com/northamerica/results/files/MyMusicLab_Johnston_Community_College_de_Jong_CS.pdf?v1392752195,1
North Dakota Center for Distance Education,Fargo,ND,College Readiness,MyFoundationsLab,0,0,0,0,1,2014,"Based on these positive results, the NDCDE summed up, “the results of the pilot indicate to MDCDE that the myFoundationsLab course should be offered to all students who are seeking to increase their performance on the ACT exam.",http://www.pearsonmylabandmastering.com/northamerica/results/files/FoundationLabCSp4.pdf?v1433440687,1
Bowling Green State University,Bowling Green,OH,Business Communication,MyBCommLab,0,0,1,0,0,2014,"Students who achieved higher scores on MyBCommLab homework assignments also earned higher final course grades. In addition, Writing Space’s automatic grading saved the instructor time and provided students with consistent, objective evaluations of their written work.",http://www.pearsonmylabandmastering.com/northamerica/results/files/Bus_MBCL_Bowling_Green.pdf?v1409780044,1
Eastern Gateway Community College,Steubenville,OH,Integrated Reading and Writing I and II,MyWritingLab,0,0,0,1,0,2014,Redesigning the developmental course sequence with MyWritingLab resulted in a 19 percent increase in success rates.,http://www.pearsonmylabandmastering.com/northamerica/results/files/MyWritingLab_Eastern_GatewayCC_Cable_CS.pdf?v1407260248,1
Montgomery County Community College,Bluebell,PA,General Chemistry I,MasteringChemistry,0,1,0,0,0,2014,"After implementation of MasteringChemistry, the percentage of students earning a final course grade of A or B increased, and the percentage of students earning a D/F/W decreased.",http://www.pearsonmylabandmastering.com/northamerica/results/files/MC_Montgomery_Co_CC_Final_CS.pdf?v1426251097,1
Reading Area Community College,Reading,PA,Mathematics Review,MyMathLab,1,0,0,0,0,2014,"By wrapping underprepared math students in support and encouraging them to be accountable for their learning, RACC helps students quickly and successfully catch up with their peers—and stay in school.",http://www.pearsonmylabandmastering.com/northamerica/results/files/MyMathLab_Reading_Area_CC_Stoner_MTG5_Case_Study.pdf?v1405710846,1
Reading Area Community College,Reading,PA,Foundations of Mathematics,MyMathLab,1,0,0,0,0,2014,"Use of MyMathLab’s Adaptive Study Plan, powered by Knewton, both decreases score deviation and improves student participation and confidence.",http://www.pearsonmylabandmastering.com/northamerica/results/files/Reading_Area_Adaptive.pdf?v1409857565,1
West Chester University of Pennsylvania,West Chester,PA,Composition I and II,MyWritingLab,0,0,0,1,0,2014,"After working through the MyWritingLab Learning Path modules, students averaged ten percentage points higher on the post-assessment, showing substantial improvement from the Path Builder diagnostic to the Mastery Check.",http://www.pearsonmylabandmastering.com/northamerica/results/files/MyWritingLab_WestChesterUPennsylvania_Blake_CS.pdf?v1428515567,1
Reading Area Community College,Reading,PA,Course Name Bridge Reading Skills,MyReadingLab,0,0,0,1,0,2014,"Of 289 students completing the Bridge course with MyReadingLab, 58 percent have been able to accelerate through one or both levels of developmental reading, thereby entering college-level courses sooner. Since using MyReadingLab, success rates in the prep course have increased from 55 percent to 90.3 percent. Success rates for students testing into the subsequent developmental courses (following Bridge Reading Skills) have increased from 61 percent (before MyReadingLab) to 86.5 percent (after Bridge course with MyReadingLab).",http://www.pearsonmylabandmastering.com/northamerica/results/files/MyReadingLab_ReadingAreaCC_Yoder_CS.pdf?v1433340172,1
The University of Rhode Island,Kingston,RI,Basic Italian 1,MyItalianLab,0,0,0,1,0,2014,Key Results MyItalianLab averages correlate to higher final letter grades in the course.,http://www.pearsonmylabandmastering.com/northamerica/results/files/MyItalianLab_URhodeIsland_CS.pdf?v1416943400,1
Tri-County Technical College,Pendleton,SC,Microcomputer Applications,MyITLab,0,1,0,0,0,2014,"After implementation of MyITLab, average exam grades increased across all applications, final course letter grades significantly improved, and retention rates increased from 66 to 91 percent.",http://www.pearsonmylabandmastering.com/northamerica/results/files/Bus_MITL_Tri_Co.pdf?v1411327537,1
Dakota State University,Madison,SD,Course Name General Psychology,MyPsychLab with Writing Space,0,0,0,1,0,2014,"Writing improves students’ ability to retain information over time. After implementing Writing Space, test scores increased by over 7 percent.",http://www.pearsonmylabandmastering.com/northamerica/results/files/MyPsychLab_Dakota_State_University_Mydland_CS.pdf?v1413298073,1
Chattanooga State Community College,Chattanooga,TN,"Elementary Algebra, Intermediate Algebra, and other College Math courses",MyLabsPlus,1,0,0,0,0,2014,The Do the Math modified emporium model increased pass rates and closed the achievement gap between the college’s low-income and other students.,http://www.pearsonmylabandmastering.com/northamerica/results/files/Chatt_State.pdf?v1405711314,1
University of Dallas,Irving,TX,General Psychology,REVEL,0,0,0,1,0,2015,"Using REVEL, I was able see that all students had access to their assigned course material. REVEL’s assignment calendar successfully encouraged students to read the material before coming to class, and the performance dashboard helped me decide which topics to emphasize during lecture. After the implementation of REVEL, students scored significantly higher on exams than students in the same course the previous year. Both cohorts were academically equivalent.",http://www.pearsonmylabandmastering.com/northamerica/results/files/Revel_2015_Dallas.pdf?v1437004715,1
St. Phillips College,San Antonio,TX,Technical Math,MyMathLab,1,0,0,0,0,2015,Average ABC rates rose 11 percent after implementation of MyMathLab in spring 2011 and 31 percent after Contextual Projects were assigned within MyMathLab in fall 2013.,http://www.pearsonmylabandmastering.com/northamerica/results/files/StPhilips_Tech_Math_MML.pdf?v1422395446,1
Collin College,Plano,TX,General Biology I,MasteringBiology,0,1,0,0,0,2014,"When Knewton Adaptive Follow-Up was added, there was a statistically significant increase in end-of-semester student exam scores.",http://www.pearsonmylabandmastering.com/northamerica/results/files/MB_Collin_Final_CS%282%29.pdf?v1419802651,1
University of Houston,Houston,TX,Human Phisiology,MasteringA&P,0,1,0,0,0,2014,Students who used MasteringA&P to complete extra-credit homework earned significantly higher exam scores than students who did not use MasteringA&P.,http://www.pearsonmylabandmastering.com/northamerica/results/files/MAP_U_of_Houston_Final_CS.pdf?v1419801215,1
Texas Tech University,Lubbock,TX,Spanish Elementary Review,MySpanishLab,0,0,0,1,0,2014,One hundred percent of instructors teaching the flipped method report that the quality of students’ communication skills has improved and that they have seen a noticeable increase in student engagement and communication during class time. Ninety-five percent of instructors would elect to continue teaching the flipped model.,http://www.pearsonmylabandmastering.com/northamerica/results/files/MySpanishLab_TexasTechU_CS.pdf?v1418666999,1
Tarrant County College, Fort Worth,TX,Anatomy and Physiology I,MyReadinessTest,0,1,0,0,0,2014,"Students who scored less than 75 percent on MyReadinessTest diagnostic exams had higher rates of not completing the course. Similarly, students who mastered more than 50 percent of the items in the Study Plan earned significantly higher exam scores.",http://www.pearsonmylabandmastering.com/northamerica/results/files/MRT_Tarrant_Final_CS.pdf?v1419802181,1
St. Phillips College,San Antonio,TX,College Algebra,MyMathLab,1,0,0,0,0,2014,Students in a fully online college algebra course who take advantage of an option to retest experience an average test score improvement of 11.56 points.,http://www.pearsonmylabandmastering.com/northamerica/results/files/St_Philips_FullyOnline.pdf?v1405711484,1
Houston Baptist University,Houston,TX,General Psychology,MyPsychLab with Writing Space,0,0,0,1,0,2014,"Three semesters of data show average final exam scores have increased seven percentage points, affirming a positive correlation between MyPsychLab with Writing Space scores and exam scores when assessments are required throughout the semester.",http://www.pearsonmylabandmastering.com/northamerica/results/files/MyPsychLab_Writing_Space_HoustonBaptistU_Alger_CS_Updated_Jan2015.pdf?v1423679181,1
The University of Texas at El Paso,El Paso,TX,American Government and Politics,MyPoliSciLab,0,0,0,1,0,2014,Over two semesters I’ve seen consistent correlations between student success on MyPoliSciLab assignments and success on in-class exams.,http://www.pearsonmylabandmastering.com/northamerica/results/files/MyPoliSciLab_UT_El_Paso_Webking_CS.pdf?v1392042110,1
Utah State University,Logan,UT,Social Problems,REVEL,0,0,0,1,0,2015,REVEL assignments prepared students to engage in class discussions and writing assignments that required them to analyze their own beliefs and opinions. The correlation between overall REVEL scores and final course grades was very strong.,http://www.pearsonmylabandmastering.com/northamerica/results/files/REVEL_Sociology_Utah_State_UT_Olson_CS.pdf?v1433353370,1
University of Vermont,Burlington,VT,Principles of Biology I and II,MasteringBiology,0,1,0,0,0,2015,"Controlling for variables that influence a student’s exam score, results show that students who attempted more MasteringBiology assignments showed a significant trend towards higher exam scores.",http://www.pearsonmylabandmastering.com/northamerica/results/files/MB_U_of_VT_FinalCS.pdf?v1424281814,1
Liberty University,Lynchburg,VA,Fundamentals of Mathematics and Intermediate Algebra,MyEconLab,1,0,0,0,0,2015,"After redesigning its developmental math sequence from traditional, face-to-face courses to an emporium model using MyLabsPlus and requiring topic mastery and scheduled lab hours, Liberty University saw ABC rates increase by as much as 22 percent.",http://www.pearsonmylabandmastering.com/northamerica/results/files/Liberty_U_Dev_Math_Jan_27_RL.pdf?v1422474350,1
Northern Virginia Community College–Loudoun Campus,Springfield,VA,Principles of Macroeconomics,MyEconLab,0,0,1,0,0,2014,"As students gain mastery of the material through multiple attempts at assigned and required MyEconLab homework, average quiz, test and final course grades increased significantly as compared to students who only attempted their assignment once.",http://www.pearsonmylabandmastering.com/northamerica/results/files/Bus_MEL_NOVA%282%29.pdf?v1409780427,1
Shoreline Community College,Shoreline,WA,microbiology,MasteringMicrobiology,0,1,0,0,0,2014,Assessment scores increased and more students earned As and Bs after a redesign of the course to a flipped format and after implementation of MasteringMicrobiology to enhance student learning outside the classroom.,http://www.pearsonmylabandmastering.com/northamerica/results/files/MM_Shoreline_Final_CS.pdf?v1419803512,1
Spokane Community College,Spokane,WA,Principles of Accounting I and II,MyAccountingLab,0,0,1,0,0,2014,"MyAccountingLab offers students the support they need to master course concepts. After implementation with MyAccountingLab, the average percentage of students who earned a final course grade of A increased 12 percentage points—from 17 to 29%.",http://www.pearsonmylabandmastering.com/northamerica/results/files/Bus_MAL_Spokane.pdf?v1409779899,1
Washington State University,Pullman,WA,Managing Information Technology,MyITLab,0,1,0,0,0,2014,"In a class test using MyITLab, students’ scores on the course’s Excel component significantly improved: the percentage of A/B scores increased from 37 to 65% and C/D scores decreased from 60 to 24%.",http://www.pearsonmylabandmastering.com/northamerica/results/files/Bus_MITL_Wash_State.pdf?v1409780984,1
Walla Walla Community College,Walla Walla,WA,Course Name Automotive Related Industry / 6 credits,MyAutomotiveLab,0,0,0,0,1,2014,MyAutomotiveLab’s engaging interactive learning resources help students comprehend complicated textbook material. The increased time on task results in increased test scores.,http://www.pearsonmylabandmastering.com/northamerica/results/files/MyAutomotiveLab_Walla_Walla_CC_Haun_SS.pdf?v1392654283,1
Marshall University,Huntington,WV,Principles of Microeconomics,MyEconLab,0,0,1,0,0,2014,Required MyEconLab homework assignments + optional Study Plan problems provide students with the hands-on practice they need to master course material. Data indicates a positive correlation between MyEconLab homework scores and both exam scores and final course grades.,http://www.pearsonmylabandmastering.com/northamerica/results/files/Bus_MEL_Marshall.pdf?v1409750587,1
Milwaukee Area Technical College,Milwauke,WI,Introduction to College Reading and Study Skills,MyReadingLab,0,0,0,1,0,2014,"Using MyReading Lab, students are improving their Lexile level an average of 125 points from the beginning to the end of the semester. Students who complete more than 21 topic posttests show the most significant improvement on the Mastery Check post-assessment.",http://www.pearsonmylabandmastering.com/northamerica/results/files/MyReadingLab_MilwaulkeeAreaTechnicalCollege_CS.pdf?v1419265496,1
College of Western Idaho,Nampa,ID,College Study Methods,MyStudentSuccessLab,0,0,0,0,1,,Completion rates increased by 9 percent with the implementation of MyStudentSuccessLab.,http://www.pearsonmylabandmastering.com/northamerica/results/files/SSLabJensenREV2.pdf?v1432937755,1
Ashford University,San Diego,CA,"Early Childhood Curriculum and Methods; Cognitive Development of Infants and Young Children; Teaching, Learning, and Leading in the 21st Century",Pearson Writer,0,0,0,0,1,,"In a randomized, blind study comparing the change in students’ writing in a pilot group of four sections using Pearson Writer and a control group of four sections without access to Pearson Writer, all sections in the pilot group showed significant improvement in their writing skills while three of the four control sections showed a decline in writing performance over the course of the study.",http://www.pearsonmylabandmastering.com/northamerica/results/files/Pearson_Writer_July15c.pdf?v1423531434,1
Mesa Community College,Phoenix,AZ,U. S. History to 1865,CourseConnect American History,0,0,0,1,0,,"CourseConnect delivers a consistent learning experience for all online students. Student engagement, concept mastery, critical thinking, and persuasive communications—measured by the quality of students’ discussion posts—increased with CourseConnect.",http://www.pearsonmylabandmastering.com/northamerica/results/files/CC_Mesa_CC_Feb_21%282%29.pdf?v1402004810,1
Eastern Gateway Community College,Steubenville,OH,"Principles of Management, Principles of Marketing, Introduction to Business, Business Math, Organizational Behavior, Business Law, Entrepreneurship",CourseConnect Business and Management,0,0,1,0,0,,"CourseConnect enabled delivery of a consistent curriculum and common assessments across 7 courses with 10 instructors, 424 students, and 23 sections.",http://www.pearsonmylabandmastering.com/northamerica/results/files/CC_EGCC_March_13.pdf?v1394831892,1
Baton Rouge Community College,Baton Rouge,LA,Introduction to Criminal Justice,CourseConnect Criminal Justice,0,0,0,0,1,,Students who used CourseConnect succeeded with an average final grade of 82 percent compared with an average final grade of 16 percent among students who did not use CourseConnect.,http://www.pearsonmylabandmastering.com/northamerica/results/files/CC_Baton_Rouge_Feb_21.pdf?v1394583276,1
Northampton Community College,Bethlehem,PA,Introduction to Psychology,CourseConnect Introduction to Psychology,0,0,0,1,0,,"Students in a 27-day, compressed CourseConnect Introduction to Psychology course achieved final exam scores an average 21 points higher than students in the full-term course without CourseConnect.",http://www.pearsonmylabandmastering.com/northamerica/results/files/CC_Northampton_Feb_24.pdf?v1394583723,1
Hero’s Academy,Benton,IL,Emergency Medical Technician,CourseConnect: EMS,0,0,0,0,1,,"Since 2010, 100 percent of students using CourseConnect: EMS passed the Illinois State Emergency Medical Technician Licensing Exam on the first attempt, compared to the nationwide average pass rate of 68 percent.",http://www.pearsonmylabandmastering.com/northamerica/results/files/CC_Heros_Academy_Jan_22b.pdf?v1390862316,1
Colorado State University,Fort Collins,CO,Criminology,CourseConnect: Criminology,0,0,0,1,0,,"After implementation of CourseConnect, the percentage of students earning a final course grade of A or B significantly increased: from 77 percent without CourseConnect to 86 percent with it. In addition, the percentage of students who earned an A increased from 42 percent to 70 percent.",http://www.pearsonmylabandmastering.com/northamerica/results/files/CourseConnect_Colorado_State_Shaffer.pdf?v1392752676,1